{
    "accuracy": 0.8032850309510411,
    "auc_roc": 0.8523518678285366,
    "precision": 0.5511440940012369,
    "recall": 0.6940809968847352,
    "f1": 0.614408824543261
}