{"loss": [0.6308801623939378, 0.4966867529552525, 0.48598295008726444, 0.48803743706268554, 0.4891824753800119, 0.4856211107997384, 0.4801234513707867, 0.4737487303713573, 0.4710720175607717, 0.47443861807185006], "lr": [0.02, 0.02, 0.02, 0.02, 0.02, 0.02, 0.02, 0.01, 0.01, 0.01], "valid_auc": [0.546085672658196, 0.7218552670818973, 0.7447087403337057, 0.8069373435178051, 0.8381290891722056, 0.8502059006350323, 0.8589202263640789, 0.8569386867271932, 0.8594906713088708, 0.8565608213138745]}